login,email,password
user1234,user1234@example.com,aB3fGh
john_doe88,john_doe88@example.com,jK8lMn
sarah.connor,sarah.connor@example.com,xY2zQr
tech_guru77,tech_guru77@example.com,tW7pKl
alexander.23,alexander.23@example.com,zA9bCt
emily_smith,emily_smith@example.com,vX1nTy
cool_cat99,cool_cat99@example.com,mP4qRs
harry_potter56,harry_potter56@example.com,eQ6rUv
marie_curie42,marie_curie42@example.com,kL5fJd
quantum_leap7,quantum_leap7@example.com,oH3jYx
sunny_days12,sunny_days12@example.com,cF8bWz
ninja_warrior33,ninja_warrior33@example.com,rT2hKw
pixel_master88,pixel_master88@example.com,sJ9eLp
digital_dreamer,digital_dreamer@example.com,nY1xVq
river_stone56,river_stone56@example.com,wD4sFb
mountain_hiker44,mountain_hiker44@example.com,iM7pCj
dancing_queen11,dancing_queen11@example.com,yE5vQw
coffee_lover99,,pN6zRb
,starlight_22@example.com,tA3yHx
creative_writer88,creative_writer88@example.com,qK